"Entry","Comment"
"0.0.0.0 cws.conviva.com","#Unblocked SK 2020/03/15 [BeachBody]"
"0.0.0.0 www.cws.conviva.com","#Unblocked SK 2020/03/15 [BeachBody]"
"0.0.0.0 zee.cws.conviva.com","#Unblocked SK 2020/03/15 [BeachBody]"
"0.0.0.0 www.zee.cws.conviva.com","#Unblocked SK 2020/03/15 [BeachBody]"
"0.0.0.0 chartbeat.com","#Unblocked SK 2020/03/15 [BeachBody]"
"0.0.0.0 ping.chartbeat.net","#Unblocked SK 2020/03/15 [BeachBody]"
"0.0.0.0 static.chartbeat.com","#Unblocked SK 2020/03/15 [BeachBody]"
"0.0.0.0 www.chartbeat.com","#Unblocked SK 2020/03/15 [BeachBody]"
"0.0.0.0 adsapi.chartbeat.com","#Unblocked SK 2020/03/15 [BeachBody]"
"0.0.0.0 bat.bing.com","#Unblocked SK 2020/03/15"
"0.0.0.0 metrics.beachbody.com","#Unblocked SK 2020/03/15 [BeachBody]"
"0.0.0.0 chartbeat.net","#Unblocked SK 2020/03/15 [BeachBody]"
"0.0.0.0 metrics.teambeachbody.com","#Unblocked SK 2020/05/26 [BeachBody]"
